{
    "output_0001": {
        "x": -0.3094282368628605,
        "y": 0.29134936891229246,
        "z": -0.3468559598438503
    },
    "output_0003": {
        "x": -0.29858623776605153,
        "y": 0.29134936891229246,
        "z": -0.35227696373578254
    },
    "output_0005": {
        "x": -0.27739505633837336,
        "y": 0.29134936891229246,
        "z": -0.34587032288761854
    },
    "output_0007": {
        "x": -0.2399408697209635,
        "y": 0.2913493689122924,
        "z": -0.3527697823245042
    },
    "output_0009": {
        "x": -0.20199388724202283,
        "y": 0.2913493689122924,
        "z": -0.3404493202610137
    },
    "output_0011": {
        "x": -0.19952989898183482,
        "y": 0.29134936891229246,
        "z": -0.2803255447349784
    },
    "output_0013": {
        "x": -0.19706589288529486,
        "y": 0.2913493689122924,
        "z": -0.23350794188273127
    },
    "output_0015": {
        "x": -0.17511075109909413,
        "y": 0.2913493689122925,
        "z": -0.08654865658652788
    },
    "output_0017": {
        "x": -0.16417741661593155,
        "y": 0.29134936891229246,
        "z": 0.0136257785970475
    },
    "output_0019": {
        "x": -0.14304534781002243,
        "y": 0.2913493689122924,
        "z": 0.13444260641453454
    },
    "output_0021": {
        "x": -0.14954054355176538,
        "y": 0.29134936891229246,
        "z": 0.1815904549329943
    },
    "output_0023": {
        "x": -0.13227717871730515,
        "y": 0.2913493689122924,
        "z": 0.25242912922912275
    },
    "output_0025": {
        "x": -0.12372812850687787,
        "y": 0.29134936891229246,
        "z": 0.34618209549976164
    },
    "output_0027": {
        "x": -0.12010716748059913,
        "y": 0.29134936891229246,
        "z": 0.431407008978935
    },
    "output_0029": {
        "x": -0.11271198843128527,
        "y": 0.29134936891229246,
        "z": 0.5297695795634159
    },
    "output_0031": {
        "x": -0.11279159427085528,
        "y": 0.29134936891229246,
        "z": 0.6361793522522952
    },
    "output_0033": {
        "x": -0.10695443254085824,
        "y": 0.29134936891229246,
        "z": 0.7266539223496675
    },
    "output_0035": {
        "x": -0.10695442359970819,
        "y": 0.29134936891229246,
        "z": 0.7729778980758599
    },
    "output_0037": {
        "x": -0.11336092052185531,
        "y": 0.29134936891229246,
        "z": 0.8005751230480325
    }
}